Name,Age,Average Grade,Grade
A,20,87.66666666666667,B
B,22,91.66666666666667,A
C,19,65.0,C
D,21,75.0,B
E,23,55.0,C
F,20,95.33333333333333,A
